抓取時間,牌告時間,幣別,即期買入,即期賣出,現金買入,現金賣出,即期中價,來回價差
2026-10-08 15:52:05,2026-10-08T15:25:00+08:00,AUD,22.1,22.32,21.81,22.61,22.21,0.991
2026-10-08 15:52:05,2026-10-08T15:25:00+08:00,CAD,22.32,22.5,22.01,22.81,22.41,0.803
2026-10-08 15:52:05,2026-10-08T15:25:00+08:00,CHF,38.2,38.46,,,38.33,0.678
2026-10-08 15:52:05,2026-10-08T15:25:00+08:00,CNY,4.741,4.791,4.695,4.855,4.766,1.049
2026-10-08 15:52:05,2026-10-08T15:25:00+08:00,EUR,35.57,35.97,35.27,36.27,35.77,1.118
2026-10-08 15:52:05,2026-10-08T15:25:00+08:00,GBP,41.98,42.38,41.68,42.68,42.18,0.948
2026-10-08 15:52:05,2026-10-08T15:25:00+08:00,HKD,4.038,4.098,3.968,4.128,4.068,1.475
2026-10-08 15:52:05,2026-10-08T15:25:00+08:00,JPY,0.2,0.204,0.199,0.206,0.202,1.98
2026-10-08 15:52:05,2026-10-08T15:25:00+08:00,MXN,1.732,1.812,,,1.772,4.515
2026-10-08 15:52:05,2026-10-08T15:25:00+08:00,NZD,17.76,18.0,,,17.88,1.342
2026-10-08 15:52:05,2026-10-08T15:25:00+08:00,SEK,3.162,3.222,,,3.192,1.88
2026-10-08 15:52:05,2026-10-08T15:25:00+08:00,SGD,24.85,25.01,,,24.93,0.642
2026-10-08 15:52:05,2026-10-08T15:25:00+08:00,THB,0.929,0.969,,,0.949,4.215
2026-10-08 15:52:05,2026-10-08T15:25:00+08:00,USD,31.89,31.99,31.64,32.19,31.94,0.313
2026-10-08 15:52:05,2026-10-08T15:25:00+08:00,ZAR,1.865,1.965,,,1.915,5.222
